"""Document error"" template (admin)","""Document error"" template (admin)"
"""Document ready"" template (customer)","""Document ready"" template (customer)"
"""Document signed"" template (customer)","""Document signed"" template (customer)"
"""Expired/declined"" template (admin)","""Expired/declined"" template (admin)"
"""Expired/declined"" template (customer)","""Expired/declined"" template (customer)"
"""Expired/rejected"" template (admin)","""Expired/rejected"" template (admin)"
"""Expired/rejected"" template (customer)","""Expired/rejected"" template (customer)"
-- All Store Views --,-- All Store Views --
-- None --,-- None --
-- Use global default --,-- Use global default --
A document signing process has ended with a negative outcome.,A document signing process has ended with a negative outcome.
API Access Point,API Access Point
API Account ID,API Account ID
API Integration,API Integration
API Integrations,API Integrations
API User ID (GUID),API User ID (GUID)
API documentation (in the module repository),API documentation (in the module repository)
"API integration with id ""%1"" does not exist.","API integration with id ""%1"" does not exist."
Account ID visible in the Apps and Keys section.,Account ID visible in the Apps and Keys section.
Actions,Actions
Active,Active
Active signature provider,Active signature provider
Add mapping,Add mapping
Additional & Planned Connectors,Additional & Planned Connectors
Additional connectors,Additional connectors
Address notified by WsSign about process events.,Address notified by WsSign about process events.
Admin escalation email sent for document pending signature.,Admin escalation email sent for document pending signature.
Admin recipient email,Admin recipient email
Adobe Acrobat Sign,Adobe Acrobat Sign
Adobe Acrobat Sign Developer Guide,Adobe Acrobat Sign Developer Guide
"Adobe Acrobat Sign: agreement creation failed, no ID received.","Adobe Acrobat Sign: agreement creation failed, no ID received."
Adobe Acrobat Sign: document upload succeeded but is missing transientDocumentId.,Adobe Acrobat Sign: document upload succeeded but is missing transientDocumentId.
Adobe Acrobat Sign: downloaded PDF content is empty.,Adobe Acrobat Sign: downloaded PDF content is empty.
Adobe Acrobat Sign: network error during %1: %2,Adobe Acrobat Sign: network error during %1: %2
Adobe Acrobat Sign: non-JSON response during %1.,Adobe Acrobat Sign: non-JSON response during %1.
Adobe Acrobat Sign: signer email is missing or invalid.,Adobe Acrobat Sign: signer email is missing or invalid.
Adobe Acrobat Sign: status response is missing the status field.,Adobe Acrobat Sign: status response is missing the status field.
Adobe Acrobat Sign: temporary service error during %1 (HTTP %2).,Adobe Acrobat Sign: temporary service error during %1 (HTTP %2).
Adobe Acrobat Sign: the document has no started process (agreement).,Adobe Acrobat Sign: the document has no started process (agreement).
Adobe Acrobat Sign: valid refresh response but missing access token.,Adobe Acrobat Sign: valid refresh response but missing access token.
Adobe Developer Console,Adobe Developer Console
Advanced Electronic Signature (AES),Advanced Electronic Signature (AES)
"Advanced electronic signature platform (OTP via SMS or email). The connector uploads the PDF generated from the template, starts the signing request to the signer, and receives status updates via an authenticated callback. Requires an active WsSign account (tenant, owner user, password) provided by the WsSign team.","Advanced electronic signature platform (OTP via SMS or email). The connector uploads the PDF generated from the template, starts the signing request to the signer, and receives status updates via an authenticated callback. Requires an active WsSign account (tenant, owner user, password) provided by the WsSign team."
After this time the document is marked as signed.,After this time the document is marked as signed.
"After this time, the document is marked as signed.","After this time, the document is marked as signed."
Agreement expiration (days),Agreement expiration (days)
All time,All time
Allow dummy provider,Allow dummy provider
Analysis period:,Analysis period:
Application ID (Client ID),Application ID (Client ID)
Application ID retrieved from the Adobe Developer Console.,Application ID retrieved from the Adobe Developer Console.
Are you sure you want to delete this webhook subscription?,Are you sure you want to delete this webhook subscription?
Assigned Products,Assigned Products
Auto-sign delay (seconds),Auto-sign delay (seconds)
Automatic reminders,Automatic reminders
Automatically delete past the retention period,Automatically delete past the retention period
Available,Available
Avg signing time,Avg signing time
Back,Back
Black,Black
CDN,CDN
Callback IP allowlist,Callback IP allowlist
Cancel,Cancel
Canceled,Canceled
Cap on deliveries processed at each reconciliation cron run.,Cap on deliveries processed at each reconciliation cron run.
Cap on deliveries processed per reconciliation cron run.,Cap on deliveries processed per reconciliation cron run.
Cap on documents processed at each cron run.,Cap on documents processed at each cron run.
Cap on documents processed per cron run.,Cap on documents processed per cron run.
Cap on documents queued at each cron run (throttling towards the provider).,Cap on documents queued at each cron run (throttling towards the provider).
Cap on documents queued per cron run (throttling toward the provider).,Cap on documents queued per cron run (throttling toward the provider).
Cart / Order,Cart / Order
Cart not available.,Cart not available.
Cart/Order,Cart/Order
"Check this ONLY after signing a DPA (Data Processing Agreement) with the selected signature provider and updating the store's privacy policy to disclose that customer personal data (email, phone) is sent to a third-party provider for the signing process. Until this is checked, all new documents are generated with the dummy (test) provider, regardless of the provider configured below.","Check this ONLY after signing a DPA (Data Processing Agreement) with the selected signature provider and updating the store's privacy policy to disclose that customer personal data (email, phone) is sent to a third-party provider for the signing process. Until this is checked, all new documents are generated with the dummy (test) provider, regardless of the provider configured below."
"Check this box ONLY after signing a DPA (Data Processing Agreement) with the selected signature provider and updating the store's privacy policy to disclose that customer personal data (email, phone) is sent to a third-party provider for the signing process. Until checked, all new documents are generated with the dummy (test) provider, regardless of the provider configured below.","Check this box ONLY after signing a DPA (Data Processing Agreement) with the selected signature provider and updating the store's privacy policy to disclose that customer personal data (email, phone) is sent to a third-party provider for the signing process. Until checked, all new documents are generated with the dummy (test) provider, regardless of the provider configured below."
Client Secret,Client Secret
"Color used to print the signature tag on the actual document generated for the order. Select ""White (Invisible)"" to hide it beneath the digital signature.","Color used to print the signature tag on the actual document generated for the order. Select ""White (Invisible)"" to hide it beneath the digital signature."
Comma-separated IPs; empty = no IP filter (the secret token still applies).,Comma-separated IPs; empty = no IP filter (the secret token still applies).
Comma-separated IPs; empty = no IP filtering (the secret token still applies).,Comma-separated IPs; empty = no IP filtering (the secret token still applies).
Configuration,Configuration
Confirm Position,Confirm Position
Connector to integrate digital and electronic signatures from Adobe Acrobat Sign. Supports OAuth2 authentication and asynchronous signature process tracking.,Connector to integrate digital and electronic signatures from Adobe Acrobat Sign. Supports OAuth2 authentication and asynchronous signature process tracking.
Consigliato,Consigliato
Contract,Contract
Contract PDF,Contract PDF
Copy and paste the complete RSA private key generated on DocuSign (including the BEGIN/END PRIVATE KEY tags).,Copy and paste the complete RSA private key generated on DocuSign (including the BEGIN/END PRIVATE KEY tags).
Could not queue %1 order(s) (see log).,Could not queue %1 order(s) (see log).
"Counted from the last status change of the completed document. Default 3650 (10 years, indicative: check the applicable fiscal/legal terms).","Counted from the last status change of the completed document. Default 3650 (10 years, indicative: check the applicable fiscal/legal terms)."
Created,Created
Created On,Created On
Customer reminder sent (reminder %1 of %2).,Customer reminder sent (reminder %1 of %2).
"Daily cron that, when active, deletes PDFs and personal data (email/phone) of completed documents (signed/rejected/expired/cancelled) past the retention period. The record and status history are kept for audit/tax purposes, without the PDF or PII.","Daily cron that, when active, deletes PDFs and personal data (email/phone) of completed documents (signed/rejected/expired/cancelled) past the retention period. The record and status history are kept for audit/tax purposes, without the PDF or PII."
"Daily cron that, when enabled, deletes the PDFs and personal data (email/phone) of completed documents (signed/declined/expired/canceled) past the retention period. The record and status history remain for audit/fiscal purposes, without PDFs or PII.","Daily cron that, when enabled, deletes the PDFs and personal data (email/phone) of completed documents (signed/declined/expired/canceled) past the retention period. The record and status history remain for audit/fiscal purposes, without PDFs or PII."
Days before admin escalation,Days before admin escalation
Days before first reminder,Days before first reminder
Days before the first reminder,Days before the first reminder
Days between subsequent reminders,Days between subsequent reminders
Days elapsed since sending before alerting the admin.,Days elapsed since sending before alerting the admin.
Days elapsed since sending before the first customer reminder.,Days elapsed since sending before the first customer reminder.
Days to wait between a reminder and the next.,Days to wait between a reminder and the next.
Days to wait between one reminder and the next.,Days to wait between one reminder and the next.
Declined,Declined
Default OTP_SMS: requires the signer's phone number.,Default OTP_SMS: requires the signer's phone number.
Default generation trigger,Default generation trigger
Default phone prefix,Default phone prefix
Delete,Delete
Delete Webhook subscription,Delete Webhook subscription
Delete integration,Delete integration
Delete template,Delete template
"Delete the Webhook subscription ""%1""?","Delete the Webhook subscription ""%1""?"
"Delete the integration ""%1""?","Delete the integration ""%1""?"
"Delete the template ""%1""?","Delete the template ""%1""?"
Delete this integration?,Delete this integration?
Delete this template? Documents already generated remain in the history.,Delete this template? Documents already generated remain in the history.
Deliveries limit per run,Deliveries limit per run
Deliveries per run limit,Deliveries per run limit
Delivery attempts before marking the webhook as permanently failed.,Delivery attempts before marking the webhook as permanently failed.
Demo / Sandbox,Demo / Sandbox
Detail: %error_message,Detail: %error_message
Details: %error_message,Details: %error_message
Digital Signature,Digital Signature
Disabled by default to avoid alarming customers: evaluate on a case-by-case basis.,Disabled by default to avoid alarming customers: evaluate on a case-by-case basis.
Disabled by default: deletion is destructive and should be enabled deliberately after defining the required retention periods (tax/legal).,Disabled by default: deletion is destructive and should be enabled deliberately after defining the required retention periods (tax/legal).
DocuSign,DocuSign
DocuSign Apps and Keys Panel,DocuSign Apps and Keys Panel
DocuSign Developer Center,DocuSign Developer Center
DocuSign: downloaded PDF content is empty.,DocuSign: downloaded PDF content is empty.
"DocuSign: envelope creation failed, no ID received.","DocuSign: envelope creation failed, no ID received."
DocuSign: error generating the JWT assertion: %1,DocuSign: error generating the JWT assertion: %1
DocuSign: invalid document store.,DocuSign: invalid document store.
"DocuSign: network error during ""%1"": %2","DocuSign: network error during ""%1"": %2"
DocuSign: no account associated with the provided credentials.,DocuSign: no account associated with the provided credentials.
"DocuSign: non-JSON response during ""%1"".","DocuSign: non-JSON response during ""%1""."
DocuSign: signer email is missing or invalid.,DocuSign: signer email is missing or invalid.
DocuSign: status response is missing the status field.,DocuSign: status response is missing the status field.
"DocuSign: temporary service error during ""%1"" (HTTP %2).","DocuSign: temporary service error during ""%1"" (HTTP %2)."
DocuSign: the document has no started process (envelope).,DocuSign: the document has no started process (envelope).
DocuSign: valid OAuth response but missing access token.,DocuSign: valid OAuth response but missing access token.
Document #%1 is not active: use the active one to regenerate.,Document #%1 is not active: use the active one to regenerate.
Document ID,Document ID
Document Template,Document Template
Document canceled for manual regeneration.,Document canceled for manual regeneration.
Document file not found in storage: %1,Document file not found in storage: %1
Document limit per reconciliation run,Document limit per reconciliation run
Document limit per run,Document limit per run
Document metrics and performance,Document metrics and performance
Document regenerated (replaces #%1).,Document regenerated (replaces #%1).
Document regenerated: new document #%1 is being processed.,Document regenerated: new document #%1 is being processed.
Document retention (GDPR),Document retention (GDPR)
Document templates,Document templates
"Document with id ""%1"" does not exist.","Document with id ""%1"" does not exist."
Document: #%document_id,Document: #%document_id
Documents per reconciliation limit,Documents per reconciliation limit
Documents per run limit,Documents per run limit
Download generated,Download generated
Download processed preview,Download processed preview
Download signed,Download signed
Download signed PDF,Download signed PDF
Download the digitally signed contracts for this order.,Download the digitally signed contracts for this order.
Draw a box on the PDF before confirming.,Draw a box on the PDF before confirming.
Draw a selection box on the PDF before confirming.,Draw a selection box on the PDF before confirming.
Dummy (test only),Dummy (test only)
"Dummy provider included with the module: it does not contact any external service. It simulates a successful signature after the delay configured below, returning the original PDF as ""signed"". Useful for testing the whole flow (templates, triggers, notifications, customer area) without a real provider's credentials. Do NOT enable in production.","Dummy provider included with the module: it does not contact any external service. It simulates a successful signature after the delay configured below, returning the original PDF as ""signed"". Useful for testing the whole flow (templates, triggers, notifications, customer area) without a real provider's credentials. Do NOT enable in production."
Dummy provider that simulates signing locally. DO NOT use in production.,Dummy provider that simulates signing locally. DO NOT use in production.
Dummy: generated PDF not found in storage.,Dummy: generated PDF not found in storage.
Dummy: missing or unrecognized process id.,Dummy: missing or unrecognized process id.
Dummy: the content to send is not a PDF.,Dummy: the content to send is not a PDF.
Dummy: the document has no generated PDF.,Dummy: the document has no generated PDF.
E.g. https://cdnjs.cloudflare.com/ajax/libs/pdf.js/2.16.105/,E.g. https://cdnjs.cloudflare.com/ajax/libs/pdf.js/2.16.105/
E.g. https://demo.wsign.cloud (HTTPS only).,E.g. https://demo.wsign.cloud (HTTPS only).
Edit,Edit
"Edit Webhook Subscription ""%1""","Edit Webhook Subscription ""%1"""
"Edit integration ""%1""","Edit integration ""%1"""
"Edit template ""%1""","Edit template ""%1"""
Email message for the signer,Email message for the signer
Email notifications,Email notifications
Email of the WsSign owner account.,Email of the WsSign owner account.
Emails sent to the customer and admin about signature document events.,Emails sent to the customer and admin about signature document events.
Emails sent to the customer and the admin about signature document events.,Emails sent to the customer and the admin about signature document events.
Enable webhooks,Enable webhooks
Enabled,Enabled
Encrypted PDFs are not supported: remove the protection/password from the document and re-upload the file.,Encrypted PDFs are not supported: remove the protection/password from the document and re-upload the file.
Envelope expiration (days),Envelope expiration (days)
Environment,Environment
Error,Error
Error message,Error message
Error saving coordinates.,Error saving coordinates.
Error while deleting the subscription: %1,Error while deleting the subscription: %1
Error while saving coordinates.,Error while saving coordinates.
Error while saving the integration.,Error while saving the integration.
Error while saving the template.,Error while saving the template.
Error while saving the webhook subscription.,Error while saving the webhook subscription.
Error: %message,Error: %message
Escalation template (admin),Escalation template (admin)
Expired,Expired
Expired or Declined,Expired or Declined
Fake provider that simulates signing locally. Do NOT use in production.,Fake provider that simulates signing locally. Do NOT use in production.
File not specified.,File not specified.
For error and negative outcome notifications. Empty = store's general contact.,For error and negative outcome notifications. Empty = store's general contact.
For error and negative-outcome notifications. Empty = store general contact.,For error and negative-outcome notifications. Empty = store general contact.
"From the last status change of the completed document. Default 3650 (10 years, indicative: check the applicable tax/legal terms).","From the last status change of the completed document. Default 3650 (10 years, indicative: check the applicable tax/legal terms)."
GDPR acknowledgement (production mode),GDPR acknowledgement (production mode)
General,General
Generate signature documents,Generate signature documents
Generate signature documents (manual),Generate signature documents (manual)
Generate signature documents for the selected orders?,Generate signature documents for the selected orders?
Generate template documents with manual trigger,Generate template documents with manual trigger
Generated,Generated
Guide to integrating signature providers,Guide to integrating signature providers
HMAC Secret,HMAC Secret
HTTP/HTTPS endpoint where JSON webhook push notifications will be sent.,HTTP/HTTPS endpoint where JSON webhook push notifications will be sent.
"Hello %name,","Hello %name,"
Historical,Historical
I want to receive the contract to sign digitally,I want to receive the contract to sign digitally
ID,ID
"If you believe this is a mistake, contact our customer service. You can check your order here: <a href=""%url"">My orders</a>","If you believe this is a mistake, contact our customer service. You can check your order here: <a href=""%url"">My orders</a>"
In development,In development
Integration,Integration
Integration ID,Integration ID
Integration deleted.,Integration deleted.
Integration key retrieved from the DocuSign Console.,Integration key retrieved from the DocuSign Console.
Integration saved.,Integration saved.
Integration with the Adobe Acrobat Sign platform.,Integration with the Adobe Acrobat Sign platform.
Integration with the DocuSign platform.,Integration with the DocuSign platform.
Internal status,Internal status
Invalid page number %1: the PDF has %2.,Invalid page number %1: the PDF has %2.
Invalid signature parameters.,Invalid signature parameters.
Invoice creation,Invoice creation
Invoice paid,Invoice paid
Item,Item
Last 30 days,Last 30 days
Last 90 days,Last 90 days
Last year,Last year
Local (Recommended),Local (Recommended)
Long-lived refresh token used to generate API Access Tokens.,Long-lived refresh token used to generate API Access Tokens.
Mage-OS,Mage-OS
"Manage the order in backend: <a href=\\""%url\""\"">%url</a>""","Manage the order in backend: <a href=\\""%url\""\"">%url</a>"""
Manual from backend,Manual from backend
Maximum attempts,Maximum attempts
Maximum number of attempts,Maximum number of attempts
Maximum number of attempts for temporary errors (network/service) before the error state.,Maximum number of attempts for temporary errors (network/service) before the error state.
Maximum number of customer reminders,Maximum number of customer reminders
Maximum number of retries for temporary errors (network/service) before reaching the error state.,Maximum number of retries for temporary errors (network/service) before reaching the error state.
Maximum number of times to remind the customer.,Maximum number of times to remind the customer.
Maximum retries,Maximum retries
"Merge field ""%1"" is not registered.","Merge field ""%1"" is not registered."
Message for the signer,Message for the signer
Name,Name
New API integration,New API integration
New Webhook Subscription,New Webhook Subscription
New document template,New document template
New integration,New integration
Next,Next
"No API integration mapped for integration ""%1"".","No API integration mapped for integration ""%1""."
No integration selected.,No integration selected.
No legal validity — test/development only,No legal validity — test/development only
No signature documents for this order.,No signature documents for this order.
"No signature tag found in the PDF. Add at least one tag to the document in the format {WSIGN#width,height#email-placeholder}.","No signature tag found in the PDF. Add at least one tag to the document in the format {WSIGN#width,height#email-placeholder}."
No signature tag found in the template PDF: unable to insert the signer's data.,No signature tag found in the template PDF: unable to insert the signer's data.
No signature tag found in the template PDF: unable to insert the signer\'s data.,No signature tag found in the template PDF: unable to insert the signer\'s data.
No template selected.,No template selected.
Note: The classification of the signature level is based on the specifications declared by the provider. The module does not guarantee legal adequacy or compliance for specific purposes.,Note: The classification of the signature level is based on the specifications declared by the provider. The module does not guarantee legal adequacy or compliance for specific purposes.
Notifier email (optional),Notifier email (optional)
Notify admin on permanent failure,Notify admin on permanent failure
Notify the admin if the document expires or is declined,Notify the admin if the document expires or is declined
Notify the admin if the document expires or is rejected,Notify the admin if the document expires or is rejected
Notify the admin on a definitive error,Notify the admin on a definitive error
Notify the admin on definitive error,Notify the admin on definitive error
Notify the customer if the document expires or is declined,Notify the customer if the document expires or is declined
Notify the customer if the document expires or is rejected,Notify the customer if the document expires or is rejected
Notify the customer when the document is ready,Notify the customer when the document is ready
Notify the customer when the document is signed,Notify the customer when the document is signed
Numeric ID of the integration already created under System > Integrations.,Numeric ID of the integration already created under System > Integrations.
Off by default to avoid alarm: evaluate case by case.,Off by default to avoid alarm: evaluate case by case.
Off by default: deletion is destructive and should be enabled deliberately after defining the required (fiscal/legal) retention periods.,Off by default: deletion is destructive and should be enabled deliberately after defining the required (fiscal/legal) retention periods.
Official provider website,Official provider website
"Open the order in backend: <a href=""%url"">%url</a>","Open the order in backend: <a href=""%url"">%url</a>"
Operation cancelled.,Operation cancelled.
Order ID,Order ID
Order confirmation,Order confirmation
Order contract,Order contract
Order link,Order link
Order number,Order number
"Order with id ""%1"" does not exist.","Order with id ""%1"" does not exist."
Order: #%increment_id,Order: #%increment_id
Outbound notifications to external systems about document events.,Outbound notifications to external systems about document events.
Outbound notifications to external systems on document events.,Outbound notifications to external systems on document events.
Outcome: %status,Outcome: %status
PDF and personal data deleted at the end of the retention period.,PDF and personal data deleted at the end of the retention period.
PDF loading error.,PDF loading error.
PDF not available for this document.,PDF not available for this document.
Page,Page
Password,Password
Pending,Pending
Pending signature,Pending signature
Place signature on PDF,Place signature on PDF
Platform URL,Platform URL
Position signature on PDF,Position signature on PDF
Preference saved.,Preference saved.
Previous,Previous
Price,Price
Process ID,Process ID
Processing of a signature document ended in error and requires manual intervention.,Processing of a signature document ended in error and requires manual intervention.
Product,Product
Provider status,Provider status
Provider: %provider,Provider: %provider
RSA Private Key,RSA Private Key
RSA Private Key (PEM),RSA Private Key (PEM)
Raw status returned by WsSign → internal document status. Unmapped statuses are logged so they can be added here.,Raw status returned by WsSign → internal document status. Unmapped statuses are logged so they can be added here.
Regenerate / Resend,Regenerate / Resend
Regenerate and resend this document?,Regenerate and resend this document?
Reminder template (customer),Reminder template (customer)
Reminder: Sign your contract (order %increment_id),Reminder: Sign your contract (order %increment_id)
Reminders for documents awaiting signature.,Reminders for documents awaiting signature.
Reminders for documents pending signature.,Reminders for documents pending signature.
Required for Service Account JWT authentication.,Required for Service Account JWT authentication.
Retention days,Retention days
SKU,SKU
Save integration,Save integration
Save subscription,Save subscription
Save template,Save template
Saving...,Saving...
"Secret key used to sign the X-Signature header, whose value is sha256= followed by the HMAC-SHA256 hex digest. On edit, leave empty to keep the current secret.","Secret key used to sign the X-Signature header, whose value is sha256= followed by the HMAC-SHA256 hex digest. On edit, leave empty to keep the current secret."
Select signature position by dragging the mouse to draw a box on the PDF page.,Select signature position by dragging the mouse to draw a box on the PDF page.
Select signature position by dragging to draw a box on the PDF page.,Select signature position by dragging to draw a box on the PDF page.
Select the Store View to receive webhooks for (leave empty for all stores).,Select the Store View to receive webhooks for (leave empty for all stores).
Send a notification to the admin if the document remains unsigned. Enabled by default.,Send a notification to the admin if the document remains unsigned. Enabled by default.
Send an email to the admin when a webhook delivery exhausts its attempts. Enabled by default.,Send an email to the admin when a webhook delivery exhausts its attempts. Enabled by default.
Send configured webhooks to active subscriptions. Disabled by default.,Send configured webhooks to active subscriptions. Disabled by default.
Send escalation to admin,Send escalation to admin
Send escalation to the admin,Send escalation to the admin
Send periodic emails to the customer to remind them to sign. Disabled by default.,Send periodic emails to the customer to remind them to sign. Disabled by default.
Send reminders to customer,Send reminders to customer
Send reminders to the customer,Send reminders to the customer
Sender,Sender
Sends a notification to the admin if the document remains unsigned. Enabled by default.,Sends a notification to the admin if the document remains unsigned. Enabled by default.
Sends an email to the admin when a webhook delivery exhausts its attempts. Enabled by default.,Sends an email to the admin when a webhook delivery exhausts its attempts. Enabled by default.
Sends periodic emails to the customer to remind them to sign. Disabled by default.,Sends periodic emails to the customer to remind them to sign. Disabled by default.
Sends the configured webhooks to active subscriptions. Disabled by default.,Sends the configured webhooks to active subscriptions. Disabled by default.
Sent by the provider in the signing invitation.,Sent by the provider in the signing invitation.
Sent for signature,Sent for signature
Sent in the Adobe Acrobat Sign notification email.,Sent in the Adobe Acrobat Sign notification email.
Sent in the body of the DocuSign notification email.,Sent in the body of the DocuSign notification email.
Sign contract for order #%1,Sign contract for order #%1
Signature API Consumers,Signature API Consumers
Signature document generation queued for %1 order(s).,Signature document generation queued for %1 order(s).
Signature document generation request has been queued.,Signature document generation request has been queued.
Signature document templates,Signature document templates
Signature documents,Signature documents
Signature expiration (days),Signature expiration (days)
Signature provider,Signature provider
"Signature provider ""%1"" is not registered.","Signature provider ""%1"" is not registered."
Signature providers,Signature providers
Signature tag color (PDF Builder),Signature tag color (PDF Builder)
Signature type,Signature type
Signed,Signed
Signed contracts,Signed contracts
Signer email,Signer email
Signer email missing or invalid.,Signer email missing or invalid.
Signer's phone number is invalid.,Signer's phone number is invalid.
Signer's phone number missing: required by WsSign for OTP via SMS.,Signer's phone number missing: required by WsSign for OTP via SMS.
Signer: %email,Signer: %email
Signer\'s phone number is invalid.,Signer\'s phone number is invalid.
Signer\'s phone number missing: required by WsSign for OTP via SMS.,Signer\'s phone number missing: required by WsSign for OTP via SMS.
Signing the contract is mandatory for the products in your cart.,Signing the contract is mandatory for the products in your cart.
"Simple (SES), Advanced (AES), Qualified (QES) Electronic Signature","Simple (SES), Advanced (AES), Qualified (QES) Electronic Signature"
Status,Status
Status mapping,Status mapping
Store view,Store view
Store views this integration is authorized to operate on via API.,Store views this integration is authorized to operate on via API.
Target URL,Target URL
Template %1 has no uploaded PDF file.,Template %1 has no uploaded PDF file.
Template PDF file not found.,Template PDF file not found.
Template PDF file not found: %1,Template PDF file not found: %1
Template deleted.,Template deleted.
Template saved.,Template saved.
"Template with id ""%1"" does not exist.","Template with id ""%1"" does not exist."
Tenant,Tenant
Thank you! The signature has been received. You will get a confirmation once the document is available in your account.,Thank you! The signature has been received. You will get a confirmation once the document is available in your account.
The HMAC secret is required for new subscriptions.,The HMAC secret is required for new subscriptions.
The Integration ID is required.,The Integration ID is required.
The PDF exceeds the maximum size of 10 MB.,The PDF exceeds the maximum size of 10 MB.
The Target URL is required.,The Target URL is required.
The Target URL must use the http or https scheme.,The Target URL must use the http or https scheme.
The connector used for new documents once production mode is confirmed above. Configure the credentials in the provider's group.,The connector used for new documents once production mode is confirmed above. Configure the credentials in the provider's group.
The document has no associated template.,The document has no associated template.
The document has no generated PDF to send.,The document has no generated PDF to send.
The dummy provider is not enabled: enable it explicitly in the configuration (test environments only).,The dummy provider is not enabled: enable it explicitly in the configuration (test environments only).
The entered Target URL is invalid.,The entered Target URL is invalid.
The following document is pending digital signature beyond the configured escalation period.,The following document is pending digital signature beyond the configured escalation period.
"The merge field tag ""{FIELD:%1}"" is not supported or registered.","The merge field tag ""{FIELD:%1}"" is not supported or registered."
"The module is designed to be extended modularly. You can implement a custom connector for any digital signature provider (e.g. DocuSign, Namirial, InfoCert) by following our guide.","The module is designed to be extended modularly. You can implement a custom connector for any digital signature provider (e.g. DocuSign, Namirial, InfoCert) by following our guide."
The name is required.,The name is required.
The provider often already sends its own signing invitation: disabled by default.,The provider often already sends its own signing invitation: disabled by default.
The provider often already sends its own signing invitation: off by default.,The provider often already sends its own signing invitation: off by default.
The requested temporary file does not exist.,The requested temporary file does not exist.
The signing process of a document ended with a negative outcome.,The signing process of a document ended with a negative outcome.
The template file is not a PDF.,The template file is not a PDF.
The template has no PDF file uploaded for this store view.,The template has no PDF file uploaded for this store view.
The template name is required.,The template name is required.
The temporary file does not exist.,The temporary file does not exist.
The uploaded file is not a valid PDF.,The uploaded file is not a valid PDF.
This integration no longer exists.,This integration no longer exists.
This subscription no longer exists.,This subscription no longer exists.
This template no longer exists.,This template no longer exists.
"To complete the order, we invite you to follow the instructions received at %email from the signature provider.","To complete the order, we invite you to follow the instructions received at %email from the signature provider."
Total generated,Total generated
Unable to complete file validation.,Unable to complete file validation.
Unable to delete Webhook subscription: %1,Unable to delete Webhook subscription: %1
Unable to delete the API integration: %1,Unable to delete the API integration: %1
Unable to delete the template: %1,Unable to delete the template: %1
Unable to download the PDF: %1,Unable to download the PDF: %1
Unable to find the subscription to delete.,Unable to find the subscription to delete.
Unable to generate the preview: %1,Unable to generate the preview: %1
Unable to generate the signature documents: %1,Unable to generate the signature documents: %1
Unable to load temporary PDF.,Unable to load temporary PDF.
Unable to load the temporary PDF.,Unable to load the temporary PDF.
Unable to regenerate the document: %1,Unable to regenerate the document: %1
Unable to save Webhook subscription: %1,Unable to save Webhook subscription: %1
Unable to save the API integration: %1,Unable to save the API integration: %1
Unable to save the document: %1,Unable to save the document: %1
Unable to save the template: %1,Unable to save the template: %1
Unable to save your choice.,Unable to save your choice.
Unsupported PDF: /Pages is missing /Kids.,Unsupported PDF: /Pages is missing /Kids.
Unsupported PDF: /Resources not found for the update.,Unsupported PDF: /Resources not found for the update.
Unsupported PDF: catalog is missing /Pages.,Unsupported PDF: catalog is missing /Pages.
Unsupported PDF: classic cross-reference section not found at the expected position.,Unsupported PDF: classic cross-reference section not found at the expected position.
Unsupported PDF: classic cross-reference table not found (save as PDF 1.4).,Unsupported PDF: classic cross-reference table not found (save as PDF 1.4).
Unsupported PDF: cross-reference chain has too many linked revisions (max %1).,Unsupported PDF: cross-reference chain has too many linked revisions (max %1).
Unsupported PDF: cross-reference stream could not be decompressed.,Unsupported PDF: cross-reference stream could not be decompressed.
Unsupported PDF: cross-reference stream not recognized.,Unsupported PDF: cross-reference stream not recognized.
Unsupported PDF: cross-reference stream object not recognized.,Unsupported PDF: cross-reference stream object not recognized.
Unsupported PDF: cross-reference stream prediction parameters not handled.,Unsupported PDF: cross-reference stream prediction parameters not handled.
Unsupported PDF: cross-reference stream predictor not handled (value %1).,Unsupported PDF: cross-reference stream predictor not handled (value %1).
Unsupported PDF: cross-reference stream too short for the declared entries.,Unsupported PDF: cross-reference stream too short for the declared entries.
Unsupported PDF: cross-reference stream with malformed PNG prediction.,Unsupported PDF: cross-reference stream with malformed PNG prediction.
Unsupported PDF: expected an object of /Type /XRef.,Unsupported PDF: expected an object of /Type /XRef.
Unsupported PDF: incomplete cross-reference stream dictionary.,Unsupported PDF: incomplete cross-reference stream dictionary.
Unsupported PDF: incomplete cross-reference stream.,Unsupported PDF: incomplete cross-reference stream.
Unsupported PDF: invalid cross-reference stream /W widths.,Unsupported PDF: invalid cross-reference stream /W widths.
"Unsupported PDF: it uses object compression (object streams), not handled in this version. Disable object compression when exporting and re-upload the file.","Unsupported PDF: it uses object compression (object streams), not handled in this version. Disable object compression when exporting and re-upload the file."
Unsupported PDF: nested page structure not handled by the builder.,Unsupported PDF: nested page structure not handled by the builder.
Unsupported PDF: object %1 could not be resolved in the cross-reference table.,Unsupported PDF: object %1 could not be resolved in the cross-reference table.
Unsupported PDF: object %1 is missing endobj.,Unsupported PDF: object %1 is missing endobj.
Unsupported PDF: object %1 not recognized at the expected position.,Unsupported PDF: object %1 not recognized at the expected position.
Unsupported PDF: page /Contents not recognized for tag insertion.,Unsupported PDF: page /Contents not recognized for tag insertion.
Unsupported PDF: page content stream could not be resolved.,Unsupported PDF: page content stream could not be resolved.
Unsupported PDF: page has no declared /Resources.,Unsupported PDF: page has no declared /Resources.
Unsupported PDF: page is missing /Contents.,Unsupported PDF: page is missing /Contents.
Unsupported PDF: rotated page (/Rotate %1) not handled by the builder.,Unsupported PDF: rotated page (/Rotate %1) not handled by the builder.
Unsupported PDF: startxref not found.,Unsupported PDF: startxref not found.
Unsupported PDF: trailer missing Size/Root.,Unsupported PDF: trailer missing Size/Root.
Unsupported PDF: trailer not found after the cross-reference table.,Unsupported PDF: trailer not found after the cross-reference table.
Unsupported PDF: unbalanced dictionary (missing closing delimiter).,Unsupported PDF: unbalanced dictionary (missing closing delimiter).
Unsupported PDF: unrecognized PNG row filter in cross-reference stream (%1).,Unsupported PDF: unrecognized PNG row filter in cross-reference stream (%1).
"Unsupported PDF: use a classic cross-reference table. Save/export the document as ""PDF 1.4"" and re-upload the file.","Unsupported PDF: use a classic cross-reference table. Save/export the document as ""PDF 1.4"" and re-upload the file."
Update on the contract to sign (order %increment_id),Update on the contract to sign (order %increment_id)
Used when the template does not specify its own trigger.,Used when the template does not specify its own trigger.
Username (owner),Username (owner)
Validation Error,Validation Error
View order,View order
WARNING: enable only in test/development environments.,WARNING: enable only in test/development environments.
Want to integrate a different provider?,Want to integrate a different provider?
Warning: the signature is still required to complete the order.,Warning: the signature is still required to complete the order.
We couldn't save your preference. Please try again.,We couldn't save your preference. Please try again.
We kindly ask you to digitally sign the document related to your order.,We kindly ask you to digitally sign the document related to your order.
Webhook,Webhook
Webhook Outbound Logs,Webhook Outbound Logs
Webhook Subscriptions,Webhook Subscriptions
Webhook delivery failed for document #%document_id (order #%order_increment_id).,Webhook delivery failed for document #%document_id (order #%order_increment_id).
Webhook failure notification template,Webhook failure notification template
Webhook subscription deleted successfully.,Webhook subscription deleted successfully.
Webhook subscription not found.,Webhook subscription not found.
Webhook subscription saved.,Webhook subscription saved.
"Webhook subscription with id ""%1"" does not exist.","Webhook subscription with id ""%1"" does not exist."
WsSign,WsSign
WsSign: GUID missing from the upload response.,WsSign: GUID missing from the upload response.
"WsSign: authentication failed, check the credentials and tenant.","WsSign: authentication failed, check the credentials and tenant."
WsSign: credentials or tenant not configured.,WsSign: credentials or tenant not configured.
WsSign: document upload rejected (%1).,WsSign: document upload rejected (%1).
WsSign: invalid document store.,WsSign: invalid document store.
"WsSign: network error during ""%1"": %2","WsSign: network error during ""%1"": %2"
"WsSign: non-JSON response during ""%1"".","WsSign: non-JSON response during ""%1""."
WsSign: platform URL not configured or not HTTPS.,WsSign: platform URL not configured or not HTTPS.
"WsSign: request rejected during ""%1"" (HTTP %2).","WsSign: request rejected during ""%1"" (HTTP %2)."
WsSign: status missing from the provider's response.,WsSign: status missing from the provider's response.
WsSign: status missing from the provider\'s response.,WsSign: status missing from the provider\'s response.
"WsSign: temporary service error during ""%1"" (HTTP %2).","WsSign: temporary service error during ""%1"" (HTTP %2)."
WsSign: the document has no started process.,WsSign: the document has no started process.
WsSign: the downloaded content is not a valid PDF.,WsSign: the downloaded content is not a valid PDF.
"WsSign: unexpected response structure during ""%1"".","WsSign: unexpected response structure during ""%1""."
"You can check your order status here: <a href=""%url"">My orders</a>","You can check your order status here: <a href=""%url"">My orders</a>"
"You can download the signed document from your account area: <a href=""%url"">Go to the order</a>","You can download the signed document from your account area: <a href=""%url"">Go to the order</a>"
You must accept the digital signature of the contract to proceed.,You must accept the digital signature of the contract to proceed.
You will soon receive (or have already received) instructions from the signature service at %email. Follow that process to complete the signature.,You will soon receive (or have already received) instructions from the signature service at %email. Follow that process to complete the signature.
Your contract to sign digitally is ready (order %increment_id),Your contract to sign digitally is ready (order %increment_id)
Your signed contract is available (order %increment_id),Your signed contract is available (order %increment_id)
Zoom +,Zoom +
Zoom -,Zoom -
[Digital Signature] Document #%document_id %status (order %increment_id),[Digital Signature] Document #%document_id %status (order %increment_id)
[Digital Signature] Document error #%document_id (order %increment_id),[Digital Signature] Document error #%document_id (order %increment_id)
[Digital Signature] Reminder: Document #%document_id pending signature (order %increment_id),[Digital Signature] Reminder: Document #%document_id pending signature (order %increment_id)
[Digital Signature] Webhook failed: document #%document_id (order %order_increment_id),[Digital Signature] Webhook failed: document #%document_id (order %order_increment_id)
day,day
days,days
historical,historical
network error,network error
of,of
pdf.js CDN URL,pdf.js CDN URL
pdf.js Library Source,pdf.js Library Source
pdf.js library source,pdf.js library source
permanent error,permanent error
provider down,provider down
temporary error,temporary error
the contract for your order #%increment_id has been signed digitally successfully.,the contract for your order #%increment_id has been signed digitally successfully.
the contract for your order #%increment_id is ready to be signed digitally.,the contract for your order #%increment_id is ready to be signed digitally.
the signing process for the contract of your order #%increment_id ended with outcome: %status.,the signing process for the contract of your order #%increment_id ended with outcome: %status.
we remind you that the contract for your order #%increment_id is still pending digital signature.,we remind you that the contract for your order #%increment_id is still pending digital signature.
